{
  "nodes": 531,
  "edges": 107,
  "density": 0.000380201115730377,
  "avg_in_degree": 0.2015065913370998,
  "avg_out_degree": 0.2015065913370998
}